"21","SULFATO DE ZINCO  25 KG","25","KG"
"225","AD. FOSNATUR 25%  500 KG","500","KG"
"1004","BUTISAN S  1 L","1","L"
"1216","VITIPEC AZUL  200 GR","200","GR"
"1222","ENXOFRE BAGO DE OURO  25 KG","25","KG"
"1226","TITUS  100 GR","100","GR"
"1229","MERPAN 80 WDG  200 GR","200","GR"
"1236","AD. TUDIMAG (BB) TON.",NULL,NULL
"1241","TORERO  25 KG","25","KG"
"1242","TORERO  300 GR","300","GR"
"1247","FOCUS ULTRA  5 LT","5","LT"
"1251","STULLN ENXOFRE MOLHAVEL  400 GR","400","GR"
"1253","STULLN WG ADVANCE  5 KG  ENX.MOLH.","5","KG"
"1254","STULLN WG ADVANCE  25 KG  ENX.MOLH.","25","KG"
"1255","STULLN WG ADVANCE  400 GR-ENX.MOLH.","400","GR"
"1441","AD. ORG. FERTICAMPO PLUS  25 KG","25","KG"
"1801","FITA REGA T-TAPE 6 20X20 ROLO 3050",NULL,NULL
"1803","FITA REGA T-TAPE 8 20X20 ROLO 2300",NULL,NULL
"1806","FITA REGA RODRIP 6 20X20  ROLO 3048",NULL,NULL
"1835","FITA REGA PATHFINDER 8 ML-RL.2500M","8","ML"
"2000","AD. PROFERTIL  20 LT","20","LT"
"2001","AD. EPSO MICROTOP  25 KG -SUL.MAGNE","25","KG"
"2003","AD. STARCAL  500 KG","500","KG"
"2101","AD. EPSO COMBITOP  25 KG -SULF.MAG","25","KG"
"2262","SPINTOR 480 SC  500 ML","500","ML"
"2888","AD. TECNIFERTI 8-8-8",NULL,NULL
"3126","PES DE MORANGUEIRO CAMA ROSA",NULL,NULL
"3127","PES DE MORANGUEIRO SAN ANDREAS",NULL,NULL
"3201","AVEIA FORRAGEIRA  KG",NULL,NULL
"3611","FIO ENFARDAR 130 ROLO 9 KG","9","KG"
"3615","FIO TUBOLAR ROLO EXTRA VERDE",NULL,NULL
"3703","DISCO LISO 20' FURO 29",NULL,NULL
"3710","DISCO REC. 24'",NULL,NULL
"3714","DISCO REC. 26'(911032662)",NULL,NULL
"3715","DISCO LISO 26'",NULL,NULL
"4410","PULV.SUPER GREEN  16 LT MATABI","16","LT"
"4812","ANILHAS DE MOLA 12 MM",NULL,NULL
"6606","CYTHRIN 10 EC 5 LT","5","LT"
"6621","ALIGN  250 ML","250","ML"
"6634","STEWARD  125 GR","125","GR"
"6636","SPRAY PH IDEAL  5 LT","5","LT"
"6641","BIO ROOT  5 LT","5","LT"
"6648","TALON  10 KG","10","KG"
"6651","FETRILON 13% Fe  1 KG","1","KG"
"6653","TAKUMI  1 LT","1","LT"
"6654","TAKUMI  150 ML","150","ML"
"6657","FERTIACTYL GZ  10 LT","10","LT"
"6658","FERTIACTIL KALIBOR  10 LT","10","LT"
"6667","FERTILEADER START  10 LT","10","LT"
"6691","FERTILEADER 9-5-4 VITAL 10 LT","10","LT"
"6692","FERTIACTIL STARTER  10 LT","10","LT"
"6697","ROUNDUP GPS  15 LT","15","LT"
"6699","EUROFIT MAX  5 LT","5","LT"
"6725","AGUA OXIGENADA 35%  KG",NULL,NULL
"8018","CHAMPION WP  5 KG","5","KG"
"8019","VINTAGE DISPERSS  10 KG","10","KG"
"10014","GALIGAN 240 EC  5 LT","5","LT"
"10150","DICOTEX  5 LT",NULL,"UN"
"12001","DIQUATO SAPEC  500 ML","500","ML"
"12003","DIQUATO SAPEC 20 LT","20","LT"
"12004","MONTANA  5 LT","5","LT"
"12005","MONTANA  20 LT","20","LT"
"12006","MONTANA  200 LT","200","LT"
"12007","MONTANA  1 LT","1","LT"
"12008","MONTANA  1000 LT","1000","LT"
"12012","NIMROD  1 LT","1","LT"
"12016","KADOS  25 KG","25","KG"
"12019","SULFATO COBRE CRISTAL  25 KG  SAPEC","25","KG"
"12028","NICO M  5 LT","5","LT"
"12030","PYRINEX 48 EC  5 LT","5","LT"
"12031","PYRINEX 48 EC  1 LT","1","LT"
"12032","ACTIVUS 33EC  5 LT","5","LT"
"12033","ACTIVUS 33EC  500 ML","500","ML"
"12034","CICLONE 48 EC  1 L","1","L"
"12035","CICLONE 48 EC  5 LT","5","LT"
"12036","CICLONE 5 G  20 KG","20","KG"
"12037","CICLONE 5 G  5 KG","5","KG"
"12038","CICLONE 48 EC  100 ML","100","ML"
"12041","HUMISTAR  20 LT (COR.ORGANICO)","20","LT"
"12042","TRADEBOR  20 LT","20","LT"
"12043","TRADEBOR  5 LT","5","LT"
"12046","TRAFOS K  20 LT","20","LT"
"12047","DELFAN  20 LT","20","LT"
"12048","DELFAN  5 LT","5","LT"
"12052","FOLIVEX INICIO  5 LT","5","LT"
"12054","FOLIVEX CRESCIMENTO  5 LT","5","LT"
"12060","CAMPUS TOP 5 L","5","L"
"12061","ZEUS SAPEC  5 LT","5","LT"
"12062","ZEUS SAPEC  20 LT","20","LT"
"12065","ZEUS SAPEC  1 LT","1","LT"
"12066","TRAFOS B-MO  20 LT","20","LT"
"12067","TRADECORP CA (5 X 1KG ) 5KG","1","KG"
"12068","DELSTAR  1 LT","1","LT"
"12070","DELSTAR  5 LT","5","LT"
"12072","CORSARIO  1 LT","1","LT"
"12073","CORSARIO  5 LT","5","LT"
"12074","CORSARIO  50 ML","50","ML"
"12077","TRADECORP MG  5 KG","5","KG"
"12078","TRADECORP MG  15 KG","15","KG"
"12081","CAPOTE FLOW  5 L","5","L"
"12082","PODIUM  100 ML","100","ML"
"12085","PODIUM  5 L","5","L"
"12086","PODIUM  20 L","20","L"
"12092","BASAGRAN  5 LT","5","LT"
"12101","EKYP COMBI  200 GR","200","GR"
"12102","EKYP COMBI  25 KG","25","KG"
"12105","EKYP TRIO AZUL  5 KG","5","KG"
"12106","FORUM C  300 GR","300","GR"
"12109","STROBY WG  200 G",NULL,NULL
"12120","DANADIM PROGRESS  20 LT","20","LT"
"12124","FUJI  20 LT","20","LT"
"12125","DANADIM PROGRESS 5 LT","5","LT"
"12127","DANADIM PROGRESS  1 LT","1","LT"
"12128","DANADIM PROGRESS  100 ML","100","ML"
"12132","PYRINEX 48 EC  20 LT","20","LT"
"12135","KOHINOR 20 SL  5 LT","5","LT"
"12137","CODACIDE OIL  5 LT","5","LT"
"12140","Glitz super 5L","5","L"
"12143","BOREAL  1 L","1","L"
"12146","ULTRAFERRO  CX. 4X5 KG - 20KG","5","KG"
"12175","VITIPEC WG ADVANCE  150 GR","150","GR"
"12176","VITIPEC WG ADVANCE  15 KG","15","KG"
"12181","SOLUBOR DF  25 KG","25","KG"
"12201","LIMATEX  1 KG","1","KG"
"12203","Zarpa     5LT","5","LT"
"12211","FUEGO SAPEC  1 L","1","L"
"12212","VITIPEC C  25 KG","25","KG"
"12214","FUEGO SAPEC  5 LT","5","LT"
"12216","FUEGO SAPEC  20 LT","20","LT"
"12221","VITIPEC GOLD WG ADVANCE  300 GR","300","GR"
"12223","KAOS  1 LT","1","LT"
"12224","KAOS  5 LT","5","LT"
"12225","KAOS  20 LT","20","LT"
"12226","VITIPEC GOLD WG ADVANCE  6 KG","6","KG"
"12242","LADDOK PLUS  5LT","5","LT"
"12245","CABRIO TOP  1 KG","1","KG"
"12246","SPECTRUM  5 LT",NULL,"UN"
"12289","MANCOZEBE SAPEC  200 GR",NULL,"UN"
"12291","MANCOZEBE SAPEC  25 KG",NULL,"UN"
"12324","MAESTRO M  12 KG",NULL,"UN"
"12325","MAESTRO M  400 GR",NULL,"UN"
"12410","FOLPEC 50  200 GR",NULL,"UN"
"12411","FOLPEC 50  15 KG",NULL,"UN"
"12420","MAESTRO F WG ADVANCE  300 GR",NULL,"UN"
"12421","MAESTRO F  300 GR",NULL,"UN"
"12423","MAESTRO F WG ADVANCE  12 KG",NULL,"UN"
"12424","ENIGMA  1 LT",NULL,"UN"
"12425","DOURO  1 LT",NULL,"UN"
"12426","CUPRITAL  25 KG",NULL,"UN"
"12428","CURENOX 50  25 KG","25","KG"
"12436","CUPRITAL  5 KG","5","KG"
"12437","CUPRITAL SC  5 L",NULL,"UN"
"12464","NUTREA 12-4-6  1 LT",NULL,"UN"
"12491","GRANSTAR 50 SX  150 GR",NULL,"UN"
"12500","VIVANDO  1 LT",NULL,"UN"
"12502","LOUSAL  20 LT",NULL,"UN"
"12538","JUDO COMBI  100 ML",NULL,"UN"
"12539","JUDO COMBI  5 LT",NULL,"UN"
"12540","JUDO  1 LT",NULL,"UN"
"12541","JUDO  5 LT",NULL,"UN"
"12542","JUDO  25 ML",NULL,"UN"
"12710","MAGIC  150 ML",NULL,"UN"
"12711","MAGIC  1 LT","1","LT"
"12712","CERIMONIA  5 L","5","L"
"18091","UNIAO 3' METAL PP",NULL,"UN"
"18303","FILTRO REGA ITAL 3'",NULL,"UN"
"18308","MANGA VERDE 3' P/FILTRO ITAL",NULL,"UN"
"18311","FILTRO PD 3' SUPER 120 MESH 40M3/H",NULL,"UN"
"18452","FITA REGA T-TAPE 6 30X30 ROLO 3050",NULL,"UN"
"18455","FITA REGA T-TAPE 5 20X20 ROLO 3658",NULL,"UN"
"20001","AD. PROFERTIL  1000 LT","1000","LT"
"20012","AD. TECNIFERTI 0.0.12",NULL,NULL
"20040","AD. KORN KALI  50 KG","50","KG"
"20087","AD. STARCAL  25 KG","25","KG"
"20089","AD. CALFENSA OXIGRAN MAG  500 KG","500","KG"
"20102","AD. YARA MILA COMPLEX 12-11-18 600K",NULL,NULL
"21086","AD. NUTRIFLUID 10.8.6",NULL,NULL
"21115","AD. 111 10-10-10  5 KG","5","KG"
"21246","AD. TECNIFERTI 12-4-6",NULL,NULL
"21266","AD. NUTRIFLUID 12.6.6 C/ AA",NULL,NULL
"22020","AD. YARA UNIKA CALCIUM  25 KG","25","KG"
"22034","AD. NUTRIFLUID 20.3.4",NULL,NULL
"22044","AD. TECNIFERTI 20-4-4",NULL,NULL
"22214","AD. TECNIFERTI 2-4-14",NULL,NULL
"22621","SPINTOR 480 SC  25 ML","25","ML"
"22625","AD. ENTEC 26  25 KG","25","KG"
"23030","AD. TECNIFOL BRIX 3.0.30  20L","20","L"
"24000","AD. DEIBAMID 40-0-0  40 KG","40","KG"
"24131","AD. CORBIGRAN + Mg  30 KG","30","KG"
"24412","AD. NUTRIFLUID 4.4.12",NULL,NULL
"24812","AD. TECNIFERTI 4-8-12",NULL,NULL
"25155","AD. NUTRIFLUID 5.15.5  KG",NULL,NULL
"26159","AD. NUTRIFLUID 6.15.9",NULL,NULL
"26312","AD. TECNIFERTI 6.3.12",NULL,NULL
"28280","AD. PHYSIOSTART 8-28-0  25 KG","25","KG"
"28412","AD. TECNIFERTI 8-4-12",NULL,NULL
"28553","AD. TECNIFOL AMINOACIDOS  5 LT","5","LT"
"28600","AD. NUTRIFLUID 8,6.0.0+15%CAO",NULL,NULL
"31019","AZEVEM ANUAL LIQUATTRO 25 KG","25","KG"
"31035","MILHO HIB. NK PERFORM FORCE 15MK",NULL,NULL
"31080","NABO RUBIN  100 GR",NULL,"UN"
"31087","NABO ROXO VILMORIN  1 KG",NULL,"UN"
"31096","FAVA RATINHA",NULL,"KG"
"31109","CENOURA SOPRANO 1.6/1.8 500.000S",NULL,"UN"
"31223","MILHO HIB. HYDRO FORCE TRD 50KS",NULL,"UN"
"31234","MILHO HIB. MIAMI TRD 50KS",NULL,"UN"
"31341","MILHO HIB. SY OKLAND FORCE 15MK",NULL,"UN"
"31355","TRIGO MOLE VALBONA  40 KG",NULL,"UN"
"31356","TRIGO MOLE MANE NICK 40 KG",NULL,"UN"
"31365","TRIGO MOLE EXOTIC R2  40 KG",NULL,"UN"
"31368","TRIGO MOLE HIB.HYBIZA DOSE",NULL,"UN"
"31369","TRIGO MOLE CAMARGO R2 40 KG",NULL,"UN"
"31385","TRIGO MOLE NOGAL  40 KG",NULL,"UN"
"31395","TRIGO MOLE ANTEQUERA R2 40 KG",NULL,"UN"
"31427","MELOA GALIA F1 1000 SEM.",NULL,"UN"
"31430","AVEIA FORRAGEIRA  30 KG",NULL,"UN"
"31456","COLZA DK EXPERTISE 1500M",NULL,"UN"
"31566","TRITICALE AMARILLO R2  40 KG",NULL,"UN"
"31570","CEVADA SHAKIRA R2  40 KG",NULL,"UN"
"31571","CEVADA FORRAGEIRA  KG",NULL,"KG"
"31573","AZEVEM ANUAL AGRACO  25 KG",NULL,"UN"
"31575","CEVADA PUBLICAN  40 KG",NULL,"UN"
"31733","MILHO HIB. BELGRANO 15000 MK",NULL,"UN"
"32019","AVEIA CERTIFICADA EDELPRINZ R2 30KG",NULL,"UN"
"32097","RACAO AVENAL ALTA ENERGIA 20KG",NULL,"UN"
"32099","RACAO AVENAL CAT CARNE 20KG",NULL,"UN"
"32100","RACAO FLUFFY ENERGY 20 KG",NULL,"UN"
"32101","RACAO AVENAL DOG MIX 20KG",NULL,"UN"
"32102","RACAO AVENAL ACTIVE 20KG",NULL,"UN"
"32103","RACAO FLUFFY JUNIOR 20KG",NULL,"UN"
"32120","MILHO GRAO KG.",NULL,"KG"
"36120","PALHA RAFIA 'FLORISTA'",NULL,"KG"
"48046","SACO BIG BAG P/AVEIA (REUTIL.)",NULL,"UN"
"48120","HELICE VINHA 120 - FURO RASGADO",NULL,"UN"
"48214","RET WIN PLUS  5 LT",NULL,"UN"
"48216","RET SUL  5 LT",NULL,"UN"
"48218","CUPRI-BAC  5 LT",NULL,"UN"
"48219","RET-B  5 LT",NULL,"UN"
"58101","NUTREA 5-8-10  1 LT",NULL,"UN"
"58105","NUTREA 5-8-10  5 LT",NULL,"UN"
"61600","ORIUS 20 EW  1 LT",NULL,"UN"
"61601","ORIUS 20 EW  20 LT",NULL,"UN"
"64452","EPIK SG  5 KG",NULL,"UN"
"64453","EPIK SG  250 GR",NULL,"UN"
"64454","EPIK SG  25 GR",NULL,"UN"
"64456","NISSORUN  50 GR",NULL,"UN"
"64457","DINAMITE  1 L",NULL,"UN"
"64463","EPIK SG  1 KG",NULL,"UN"
"66016","GROWEL 3-0-16 + 68% M.O.  5 Kg",NULL,"UN"
"66019","COBRE NORDOX SUPER 75 WG  5 KG",NULL,"UN"
"66031","GASTOXIN TUBO 30 PASTILHAS",NULL,"UN"
"66071","PULL 52  100 GR",NULL,"UN"
"66100","RATOL PELLETS  200 GR",NULL,"UN"
"66112","RATAK 40  200 GR",NULL,"UN"
"66121","ARMETIL M  5 KG",NULL,"UN"
"66129","PHYTNET  5 LT",NULL,"UN"
"66141","FOLPAN 80 WG  5 KG",NULL,"UN"
"66184","EMINENT 125  1 LT",NULL,"UN"
"66185","EMINENT 125  5 LT",NULL,"UN"
"66217","BASE ARMADILHA DELTA",NULL,"UN"
"66223","LOBESIA BOTRANA (FEROMONAS)",NULL,"UN"
"66224","PLUTELLA XILOSTELLA (FEROMONAS)",NULL,"UN"
"66227","HELIOTHIS ARMIGERA (FEROMONAS)",NULL,"UN"
"66228","PASTILHAS VAPONA",NULL,"UN"
"66240","ECLIPSE 70 WG  500 GR",NULL,"UN"
"66252","ENXOFRE BRUTO  25 KG",NULL,"UN"
"66253","ENXOFRE PO DÔOURO  25 KG",NULL,"UN"
"66254","ENXOFRE DIAMANTE AMARELO  25 KG",NULL,"UN"
"66332","STAM NOVEL FLO 480  20 LT",NULL,"UN"
"66341","STEWARD  500 GR",NULL,"UN"
"66352","LIMACIDE  1 KG",NULL,"UN"
"66361","SPRAY PH IDEAL  1 LT",NULL,"UN"
"66420","INO GREEN N  10 LT",NULL,"UN"
"66424","SUPERCAID  200 GR",NULL,"UN"
"66430","INO GREEN ULTRA  10 L",NULL,"UN"
"66431","INO GREEN ULTRA  1 L",NULL,"UN"
"66440","INO ALG FLOR  10 L",NULL,"UN"
"66442","WELGRO BORO DF  5 KG",NULL,"UN"
"66460","INO MIX SUC  10 L",NULL,"UN"
"66463","INO ACTIV  10 L",NULL,"UN"
"66524","COLLIS  40 ML",NULL,"UN"
"66525","COLLIS  1 LT",NULL,"UN"
"66526","ARITHANE  1 LT",NULL,"UN"
"66527","VIPER  5 L",NULL,"UN"
"66528","ARITHANE  5 LT",NULL,"UN"
"66529","CERIDOR 20 LT",NULL,"UN"
"66551","SEQURA  500 GR",NULL,"UN"
"66552","SEQURA  50 GR",NULL,"UN"
"66582","LI 700  5 L",NULL,"UN"
"66583","STICMAN  1 L",NULL,"UN"
"66602","FAINAL K  20 LT",NULL,"UN"
"66613","MILTRIPLO  5 KG",NULL,"UN"
"66614","FAINAL K  1000 LT",NULL,"UN"
"66645","ESCARAVELHO PALMEIRA (FEROMONAS)",NULL,"UN"
"66713","MASAI  1 KG",NULL,"UN"
"66744","ZINTRAC YARA VITA  5 LT",NULL,"UN"
"66745","YARA VITA NUTREL C  5 Kg",NULL,"UN"
"66746","YARA VITA OLIVAR  5 Kg",NULL,"UN"
"66904","MEGAFOL  25 LT",NULL,"UN"
"66912","ASFRUIT 5 L",NULL,"UN"
"66925","VIVA  25 LT",NULL,"UN"
"91701","BULLDOCK  5 LT",NULL,"UN"
"91703","PYRINEX 5 G  5 KG",NULL,"UN"
"91704","MIRADOR  1 LT",NULL,"UN"
"91705","MIRADOR  5 LT",NULL,"UN"
"91706","VINOSTAR  5 KG",NULL,"UN"
"91707","SPHINX MZ  5 KG",NULL,"UN"
"91708","ARIANNE  1 LT","1","LT"
"91710","PALADIUM  1 L","1","L"
"101691","AD. ORG. GUANO SANSAO  40 KG","40","KG"
"109005","HIPOCLORITO JARRICAN  20 LT",NULL,"UN"
"120009","ORYZA FL  20 LT",NULL,"UN"
"120014","AFALON  1 KG",NULL,"UN"
"120045","BORAMIN CA PLUS  20 LT",NULL,"UN"
"120064","TRADECORP AZ  CX 20 KG",NULL,"UN"
"120073","FITANOL  1 LT",NULL,"UN"
"120331","ACTIVUS 33EC  100 ML",NULL,"UN"
"120332","ACTIVUS 33EC  20 LT",NULL,"UN"
"120340","TOMAHAWK  5 LT",NULL,"UN"
"120350","CICLONE 48 EC  20 LT",NULL,"UN"
"120411","HUMISTAR  1000 LT  (COR.ORGANICO)",NULL,"UN"
"120430","STIMULUS 20 L",NULL,"UN"
"120460","FITOALGAS GREEN  20 LT",NULL,"UN"
"120461","FITOALGAS GREEN  5 LT",NULL,"UN"
"120541","FOLIVEX CRESCIMENTO  20 LT",NULL,"UN"
"120542","FOLIVEX CRESCIMENTO 1000 LT",NULL,"UN"
"120631","HIDROCALCIO  1000 LT",NULL,"UN"
"120661","TRAFOS SINERGY  20LT",NULL,"UN"
"121007","FORUM C  25 KG",NULL,"UN"
"121012","CALDA BORDALESA SAPEC  500 GR",NULL,"UN"
"121013","CALDA BORDALESA SAPEC  5 KG",NULL,"UN"
"121014","CALDA BORDALESA SAPEC  25 KG",NULL,"UN"
"121030","ETYLIT PREMIER  1 KG",NULL,"UN"
"121031","ETYLIT PREMIER  5 KG",NULL,"UN"
"121035","EKYP MZ  15 KG",NULL,"UN"
"121047","BANZE VOADORES  400 ML",NULL,"UN"
"121130","ASTECA MAYS  20 LT",NULL,"UN"
"121431","BOREAL  5 L",NULL,"UN"
"121432","BOREAL  20 L","20","L"
"121490","OSMOCALM  5 LT","5","LT"
"121492","OSMOCALM  20 LT","20","LT"
"121795","SPRINT PLUS  1 LT","1","LT"
"121796","SPRINT PLUS  20 LT","20","LT"
"122047","BANZE CASA E PLANTAS  400 ML","400","ML"
"122101","LANNATE L  5 LT","5","LT"
"122102","TRADECORP Zn (5X1KG)  5 KG","1","KG"
"122103","TRADECORP Zn  20 KG","20","KG"
"122111","VYDATE 10 L  5 LT","10","L "
"122112","VYDATE 10 L  10 LT","10","L "
"122113","VYDATE 10 G  10 KG","10","KG"
"122213","VITIPEC C WG ADVANCE  300 GR","300","GR"
"122215","VITIPEC C WG ADVANCE  15 KG","15","KG"
"122312","DASH HC  1 LT","1","LT"
"122592","PODRINA  750 GR","750","GR"
"122593","JACKPOT  250 GR","250","GR"
"122730","FORTAN  5 KG","5","KG"
"123047","BANZE RASTEJANTES  400 ML","400","ML"
"123320","HERBOFITAL COMBI 20 LT","20","LT"
"124251","DOURO  70 ML","70","ML"
"124261","CUPRITAL  500 GR","500","GR"
"127112","MAGIC  5 LT","5","LT"
"170024","ESPANTA PASSAROS GUARDIAN - 2",NULL,NULL
"180201","FITA REGA PASTILHA 8ML 30X30-2500MT","8","ML"
"202017","AD. AMICOTE CV 44 (0-20-17)  25 KG","25","KG"
"208353","AD. PROFERTIL  5 LT","5","LT"
"208633","AD. TECNIFOL BORO  5 LT","5","LT"
"208643","AD. TECNIFOL BORO  20 LT","20","LT"
"208873","AD. TECNIFOL MAGNESIO  5 LT","5","LT"
"208874","AD. TECNIFOL MOLIBDENIO  20 LT","20","LT"
"211125","AD. 111 10-10-10  25 KG","25","KG"
"211480","AD. EASY START 11-48-0  10 KG","10","KG"
"215350","AD. AMICOTE CV 60 15-35-0+0,5% 25KG","25","KG"
"215520","AD. NITROFOSKA PERFECT 15-5-20 25 K",NULL,NULL
"220510","AD. NITROFOSKA SUPER 20-5-10+3 25KG","25","KG"
"220710","AD. DURAMON 20-7-10+2MGO 50 KG","50","KG"
"220810","AD. NERGETIC 20-8-10  25 KG","25","KG"
"230301","AD. TECNIFOL BRIX 3.0.30  5L","5","L"
"261220","AD. FERTICAMPO 6-12-20  25 KG","25","KG"
"310012","MELAO HYB. SANCHO 1000S",NULL,NULL
"310041","CENOURA MAESTRO  500.000 SEM.",NULL,NULL
"310084","MELANCIA AUGUSTA F1  1000 SEM",NULL,NULL
"310086","MELANCIA SUNSWEET F1",NULL,NULL
"310111","AZEVEM ANUAL FARAONE  25 KG","25","KG"
"310640","MILHO HIB. P0640 SONIDO  50MK",NULL,"UN"
"310706","NABO GRELEIRO S COSME LEG.  KG",NULL,"UN"
"310709","NABO GRELEIRO SANTIAGO  KG",NULL,"KG"
"310725","MILHO HIB. P0725 STD 50MK",NULL,"UN"
"310801","NABO RONDATO  100GR",NULL,"UN"
"310933","MILHO HIB. P0933 SONIDO 50MK",NULL,"UN"
"311100","CENOURA SOPRANO 1.6/1.8 100.000S",NULL,"UN"
"311108","CENOURA SOPRANO F1 1.5/1.6 500000S",NULL,"UN"
"311109","CENOURA SOPRANO F1 1.8/2 100.000S",NULL,"UN"
"311119","CENOURA SOPRANO F1 1.8/2 500.000S",NULL,"UN"
"311216","SORGO PR877F NICOL  25 KG",NULL,"UN"
"311313","ARROZ TETI R2  500 KG",NULL,"UN"
"311517","MILHO HIB. P1517W SONIDO 50MK",NULL,"UN"
"311524","MILHO HIB. P1524 SONIDO  50MK",NULL,"UN"
"311535","MILHO HIB. P1535 SONIDO  50MK",NULL,"UN"
"311560","BATATA BARTINA 35/55  25 KG HZPC",NULL,"UN"
"311570","MILHO HIB. P1570 SONIDO 50MK",NULL,"UN"
"311574","MILHO HIB. P1574 SONIDO  50MK",NULL,"UN"
"311758","MILHO HIB. P1758Y SONIDO (OGM) 50MK",NULL,"UN"
"311820","CENOURA EXELSO F1 1.8/2  500.000 S",NULL,"UN"
"311821","CENOURA EXELSO F1 2/2.2  500.000 S",NULL,"UN"
"311849","SORGO HIB. PR849F  25 KG",NULL,"UN"
"312332","BATATA PICASSO 35/55-25KG (AGRICO)",NULL,"UN"
"312560","BATATA DESIREE 35/55  25 KG  HZPC",NULL,"UN"
"312564","BATATA RED SCARLET 35-55 25KG HZPC",NULL,"UN"
"312565","BATATA MONALISA 35-50 25KG (HZPC)",NULL,"UN"
"312566","BATATA VIVALDI 35/55  25 KG (HZPC)",NULL,"UN"
"312568","BATATA KONDOR 35/55  10 KG",NULL,"UN"
"312569","TREMOCILHA RISCADA MISTER  25 KG",NULL,"KG"
"312570","SERRADELA VULGAR  EMENA 25 KG",NULL,"UN"
"312572","BATATA RED LADY 35/55 ALEM 25KG",NULL,"UN"
"312573","BATATA RED LADY 35/55 ALEM 12.5 KG","5","KG"
"312575","TREMOCILHA NACIONAL  KG",NULL,"KG"
"313100","ERVILHACA FILON  40 KG",NULL,"UN"
"313101","ERVILHACA AITANA R2 40 KG",NULL,"UN"
"313390","MILHO HIB. DKC3390  50M",NULL,"UN"
"313427","MILHO HIB. PR34A27 SONIDO (OGM)50MK",NULL,"UN"
"313439","MILHO HIB. PR34B39 SONIDO  50MK",NULL,"UN"
"313551","BATATA ASTERIX 35/55  25 KG HZPC",NULL,"UN"
"313924","MILHO HIB. PR39K24 LAMBADA  25MK",NULL,"UN"
"314003","MILHO HIB. LG 33.21 50MGV",NULL,"UN"
"314005","MILHO HIB. LG 30.597 50MGV  PONCHO",NULL,"UN"
"314121","GIRASSOL SY TUTTI 150000S",NULL,"UN"
"314124","GIRASSOL OLEKO D150M",NULL,"UN"
"314125","GIRASSOL DKF 2727 D150",NULL,"UN"
"314608","MILHO HIB. DKC4608  50M",NULL,"UN"
"315031","MILHO HIB. DKC5031  50M",NULL,"UN"
"315190","MILHO HIB. DKC5190 STD  50 M",NULL,"UN"
"315401","MILHO HIB. DKC5401 STD  50 M",NULL,"UN"
"315569","BATATA AGRIA 35/55  25 KG AGRICO",NULL,"UN"
"315572","BATATA PICASSO 35/55 10 KG",NULL,"UN"
"315573","BATATA MANITOU 35/55 25 KG AGRICO",NULL,"UN"
"315578","BATATA ARRAN-BANNER 45/60  25 KG",NULL,"UN"
"315598","BATATA AGRIA 35/55  10 KG EUROPLT.",NULL,"UN"
"315599","BATATA AGRIA 35/55  25 KG EUROPLT.",NULL,"UN"
"315632","MILHO HIB. DKC5632 STD  50 M",NULL,"UN"
"315651","TRITICALE FRONTEIRA 40 KG",NULL,"UN"
"315666","TRITICALE BONDADOSO R2 40 KG",NULL,"UN"
"315669","BATATA LAURA 35/55 25KG-EUROPLT.",NULL,"UN"
"315670","BATATA LAURA 35/55 10KG-EUROPLT.",NULL,"UN"
"315671","BATATA RED FANTASY 25KG-EUROPLT.",NULL,"UN"
"315678","BATATA SHANNON 28/45/60  25 KG  IPM",NULL,"UN"
"315679","BATATA BELLAROSA 35/55  25 KG",NULL,"UN"
"315682","CEVADA PEWTER R2  40 KG",NULL,"UN"
"315683","CEVADA KETOS R2 40 KG.",NULL,"UN"
"315741","MILHO HIB. DKC5741  50M",NULL,"UN"
"315756","LUZERNA SERIVER 25 KG",NULL,"UN"
"315758","LUZERNA ALTIVA  25 KG",NULL,"UN"
"316031","MILHO HIB. DKC6031 STD 50 MK",NULL,"UN"
"316040","MILHO HIB. DKC6040 STD 50 MK",NULL,"UN"
"316630","MILHO HIB. DKC6630 50 M",NULL,"UN"
"319031","MISTURA AVEX I  40 KG",NULL,"UN"
"319032","MISTURA AVEX II 40KG",NULL,"UN"
"319033","MISTURA AVEX III 40KG",NULL,"UN"
"319038","MISTURA REVFLORESTA LEG 5  19 KG",NULL,"UN"
"319119","SEMENTE PANASCO DACTINA  10 KG",NULL,"UN"
"319132","SEMENTE PRADO FERTIREG I",NULL,"UN"
"319135","SEMENTE PRADO SPEEDMIX AREIAS 35 KG",NULL,"UN"
"319136","MISTURA SEQ.ANUAL SULFENO 1  35 KG",NULL,"UN"
"319138","SEMENTE PRADO EXT.CHARNECA 550",NULL,"UN"
"319139","SEMENTE PRADO EXT.AC 500  25 KG",NULL,"UN"
"319141","SEMENTE PRADO EXT. MIX VALE 650",NULL,"UN"
"319156","SEMENTE PRADO FERTIFENO AC 35 KG",NULL,"UN"
"319157","SEMENTE PRADO FERTIFENO AR 35 KG",NULL,"UN"
"319158","SEMENTE PRADO FERTIREG III",NULL,"UN"
"319168","TRITICALE ALTER (NACIONAL)  40 KG",NULL,"UN"
"319211","MELANCIA AZABACHE F1  1000 S",NULL,"UN"
"319231","MELANCIA ROMERIA F1 1000 SEM",NULL,"UN"
"319232","MISTURA AVEX PASTOREIO-DOSE",NULL,"UN"
"319234","MISTURA SPEEDMIX ROT 30KG",NULL,"UN"
"319239","MISTURA FITOMIX TURBO PROT  25 KG",NULL,"UN"
"319243","SEMENTE PRADO TRITIMIX III NEU DOSE",NULL,"UN"
"319337","MISTURA TEMPLARIOS 25KG","25","KG"
"319343","SEMENTE PRADO TRITIMIX ESPECIAL 30K",NULL,"UN"
"319344","SEMENTE PRADO TRITIMIX II 30 KG",NULL,"UN"
"319545","AZEVEM ANUAL DIAMOND T  25 KG",NULL,"UN"
"319546","AZEVEM ANUAL TAMTBO  25 KG",NULL,"UN"
"320122","AVEIA HAMEL R2 BIGBAG KG",NULL,"UN"
"320151","AVEIA MOJOCAR CERTIFICADA  30 KG",NULL,"UN"
"321155","RACAO FRANGOS LEX 115 MG.  30 KG",NULL,"UN"
"480026","POSTE GALV. 2.00MT CHAPA ZN",NULL,"UN"
"480027","POSTE GALV. 2.20MT CHAPA ZN",NULL,NULL
"480114","POCEIRO 38 LT",NULL,"UN"
"482254","POSTE TRATADO 2.0 X 2,5/4",NULL,"UN"
"644561","CITROLE  25 LT",NULL,"UN"
"644563","TOLFIN  5 LT",NULL,"UN"
"644564","TOLFIN  1 LT",NULL,"UN"
"660621","ARMICARB  5 KG",NULL,"UN"
"661014","CALDA BORDALESA IQV  25 KG",NULL,"UN"
"661103","LINUREX  5 KG",NULL,"UN"
"661104","LINUREX  200 GR",NULL,"UN"
"661120","APACHE  5 L",NULL,"UN"
"661122","PRITT  1 LT",NULL,"UN"
"661289","SUNVEG PROTECTION  12Kg",NULL,"UN"
"661290","SUNVEG PROTECTION  25Kg",NULL,"UN"
"661409","MICROVIT-E  5 KG",NULL,"UN"
"661415","STORE CA  20 LT",NULL,"UN"
"661416","AMINOVIT  20 LT",NULL,"UN"
"661418","HORUS  20 LT",NULL,"UN"
"662020","SUN PROTECT  20 KG",NULL,"UN"
"662114","DIMISTAR  10 L",NULL,"UN"
"662604","PARA-AT  5 KG",NULL,"UN"
"662614","CABRIO DUO  5 LT",NULL,"UN"
"662901","PULSAR 40 5L",NULL,"UN"
"663001","SHOT-K  5 LT",NULL,"UN"
"663002","LIMBIO  5 LT",NULL,"UN"
"663009","F-BAC  5 LT",NULL,"UN"
"663010","F-BAC  1 LT",NULL,"UN"
"663013","F-RET  5 LT",NULL,"UN"
"663015","F-TWIN  5 LT",NULL,"UN"
"663016","RET-FLO PX 357  10 LT",NULL,"UN"
"663020","DISPLAY 20LT",NULL,"UN"
"663113","CENTIUM  1 LT",NULL,"UN"
"663116","KATANA 25% WG  200 GR",NULL,"UN"
"663117","KATANA 25% WG  1 KG",NULL,"UN"
"663412","LINGO  5 LT",NULL,"UN"
"664634","NUFOS 5 G  1 KG",NULL,"UN"
"664635","NURELLE D 550  5 L",NULL,"UN"
"665251","BELLIS  1 KG",NULL,"UN"
"665252","SIGNUM  1 KG",NULL,"UN"
"665253","SIGNUM  5 KG",NULL,"UN"
"666212","MILDICUT  10 LT",NULL,"UN"
"667155","CANTUS  1 KG",NULL,"UN"
"667422","PROXANIL  10 LT",NULL,"UN"
"672520","AGUA OXIGENADA 35%  20L",NULL,"UN"
"700556","REDE OVINA NO 1.00 MT-REFß555",NULL,"MT"
"700557","REDE OVINA NO 1.20 MT-REFß565",NULL,"MT"
"702684","ARAME FARPADO 15x15x250M",NULL,"UN"
"702686","ARAME FARPADO 10X10X250M",NULL,"UN"
"704299","REDE OVINA ZINCADA 1.20 M",NULL,"MT"
"811020","BASFOLIAR CA SL  20 LT",NULL,"UN"
"811105","FETRILON COMBI  5 KG",NULL,"UN"
"811106","NUTRIBOR  5 KG",NULL,"UN"
"812111","CALPLUS  5 LT",NULL,"UN"
"814011","BASFOLIAR KELP  10 LT",NULL,"UN"
"814012","BASFOLIAR AKTIV  10 LT",NULL,"UN"
"817834","BASFOLIAR FRUIT 7.8.34  5 KG",NULL,"UN"
"917031","PYRINEX 5 G  20 KG",NULL,"UN"
"1200046","TRAFOS K  1000 LT",NULL,"UN"
"1200751","FITANOL  20 LT",NULL,"UN"
"1204120","HUMISTAR WG  20 KG",NULL,"UN"
"1271240","AD. NUTRICOMPLEX 7-12-40  25 KG",NULL,"UN"
"1984643","PLAST.TERMIC UV3 12000X200My (KG)",NULL,"KG"
"2003025","AD. PATENTKALI 0-0-30  25 KG","25","KG"
"2010225","AD. YARA MILA COMPLEX  25 KG","25","KG"
"2010325","AD. YARA LIVA TROPICOTE  25 KG","25","KG"
"2026525","AD. AMICOTE CV32 Fertigafsa G 25 KG","25","KG"
"2101022","AD. AMICOTE SOP AZUL 10-10-20  25KG","25","KG"
"2121020","AD. NITROFOSKA EXTRA12-10-20+2MG 25",NULL,NULL
"2251525","AD. ENTEC 25-15-0  25 KG","25","KG"
"2581530","AD. HUMIFERTAK 54  5-8-15  30 KG","30","KG"
"2721025","AD. 130 7-21-0  25 KG","25","KG"
"2721050","AD. 130 7.21.0  50 KG","50","KG"
"3100012","MELAO HYB. LUSITANO  1000 SEM",NULL,NULL
"3100013","MELAO HYB. LUSIADAS F1  1000 SEM",NULL,"UN"
"3100014","MELAO HYB. FORCADO  1000 SEM",NULL,"UN"
"3117581","MILHO HIB. P1758 SONIDO  50MK",NULL,"UN"
"3121114","MILHO HIB. P1114 SONIDO 50MK",NULL,"UN"
"3125701","SERRADELA VULGAR  EMENA 20 KG",NULL,"UN"
"3125751","TREMOCILHA RAIADA NACIONAL  30 KG",NULL,"UN"
"3136141","TRIGO MOLE ARTUR NICK 2  40 KG",NULL,"UN"
"3138004","NABO PURPLE TOP WHITE GLOBE 500GR",NULL,"UN"
"3141241","GIRASSOL DKF2727 D150M",NULL,"UN"
"3164471","GIRASSOL P63HH69 150000 S",NULL,"UN"
"3190321","MISTURA AVEX ESP. COUD. ALTER 35KG",NULL,"UN"
"3191234","SORGO PIPER/ERVA DO SUDAO  25 KG",NULL,"UN"
"3191243","SORGO HIBRIDO 'KARIM'  20 KG",NULL,"UN"
"3191401","SEMENTE PRADO EXT.AC 800  25 KG",NULL,"UN"
"3191461","SEMENTE PRADO FERTIFENO NEU 35 KG",NULL,"UN"
"3192111","MELANCIA AFRICA F1  1000 S",NULL,"UN"
"3193431","SEMNT PRAD.TRITIMIX I ESPECIAL 30KG",NULL,"UN"
"3211159","RACAO FRANGOS LEX 115 MG  5 KG",NULL,"UN"
"3211407","R. PATO,PERU,FAISAO AVILEX-30 KG",NULL,"UN"
"3211408","R. PATO,PERU,FAISAO AVILEX- 5 KG",NULL,"UN"
"3219252","MISTURA CEREAIS FRANGO C/GIRAS 30KG",NULL,"UN"
"4800012","POCEIRO 30 LT",NULL,"UN"
"4800061","TIRANTE P/HELICE",NULL,"UN"
"4800182","MASCARA PROT.C/FILTRO-FILGIL",NULL,"UN"
"4800268","PRECINTA RAFIA P/ ESTUFA",NULL,"MT"
"4800339","GRAMPOS ZINCADOS 18/35 KG",NULL,"KG"
"4800461","CABO-GPAK Nß 3",NULL,"UN"
"4800557","GRIPPLE MEDIO",NULL,"UN"
"4800558","GRIPPLE PEQUENO",NULL,"UN"
"4800768","POSTE TRATADO 2,2 X 7,5/10",NULL,"UN"
"4800769","POSTE TRATADO 2,2 X 6/7,5",NULL,"UN"
"4809001","PLACAS CROMOTROPICAS AMARELAS UN",NULL,"UN"
"4811671","ARMADILHA ESCARAVELHO PALMEIRA",NULL,"UN"
"4820310","GRAMPOS BARBELADOS (BALDE 5KG)",NULL,"UN"
"4832700","HIPOCLORITO DE SODIO JARRICAN 26 KG",NULL,"UN"
"4840133","ADBLUE  LT",NULL,"LT"
"6611201","APACHE  1 L",NULL,"UN"
"6611211","APACHE  250 ML",NULL,"UN"
"6614428","BASFOLIAR OLIVO 14-4-28/14-5-28 5KG",NULL,"UN"
"6625745","PENNCOZEB DG  10 KG",NULL,"UN"
"6649374","SIPFOLMAX  20 L",NULL,"UN"
"6651074","DIMETAL  25 LT",NULL,"UN"
"8261010","BASFOLIAR INICIAL 26-10-10  5 KG",NULL,"UN"
"12134013","AD. NUTRICOMPLEX 13-40-13  25 KG",NULL,"UN"
"12181818","AD. NUTRICOMPLEX 18-18-18  25 KG",NULL,"UN"
"20150600","AD. PHYSALG 0-15-0  600 KG","600","KG"
"20265600","AD. AMICOTE CV32 Fertigafsa G 600KG","600","KG"
"20290070","MANGA AGROFLAT SL 70 MM ROLO 100MT",NULL,NULL
"20720491","UNIAO FITA/FITA ROSCA",NULL,NULL
"21212175","AD. DEIBAZUL 12-8-16  5 KG","5","KG"
"21846025","AD. DAP 18-46-0  25 KG","25","KG"
"22020025","AD. 220 20-20-0  25 KG","25","KG"
"28242425","AD. 8-24-24  25 KG","25","KG"
"31154325","MILHO HIB. P1543 FORCE  25MK",NULL,"UN"
"31663025","MILHO HIB. DKC6630 25 M",NULL,"UN"
"31983825","MILHO HIB. P9838 SONIDO 25MK",NULL,"UN"
"48000011","FATO MACACO TYVEK CLASSIC BR. L",NULL,"UN"
"48000013","FATO MACACO TYVEK CLASSIC BR. XL",NULL,"UN"
"48000014","FATO MACACO TYVEK CLASSIC BR. XXL",NULL,"UN"
"48027510","POSTE TRATADO 2 X 7,5/10",NULL,"UN"
"48100196","PERMANGANATO POTASSIO 25KG",NULL,"UN"
"48150254","POSTE TRATADO 1,5 X 2,5/4",NULL,"UN"
"212121725","AD. DEIBAZUL 12-8-16  25 KG","25","KG"
"213102025","AD. ENTEC 13-10-20  25 KG","25","KG"
"215151525","AD. NITROFOSKA 15-15-15  25 KG","25","KG"
"220101025","AD. ENTEC 20-10-10  25 KG","25","KG"
"220200500","AD. 220 20-20-0  500 KG","500","KG"
"2151515500","AD. NITROFOSKA 15-15-15  500 KG","500","KG"
"52294211000","BROCA 6' (150MM)",NULL,"UN"
"52811137060","RELHA P/ BROCA 6",NULL,"UN"
"52811315010","PONTEIRA P/BROCA (1 1/4)",NULL,"UN"
"2.12E+28","AD. 122 7-14-14 ESP. AMPOR  25 KG","25","KG"
"2.122E+28","AD. 122 7-14-14 ESP. AMPOR  25 KG",NULL,"UN"
"01441B500","AD. ORG. FERTICAMPO PLUS  500 KG",NULL,"UN"
"01AGM30","AD. ORG. AGRIMARTIN FE PELET  30 KG","30","KG"
"01AGM600","AD. ORG. AGRIMARTIN FE PELET 600 KG","600","KG"
"01AGRS600","AD. ORG. AGRIFEM SOIL 600 KG","600","KG"
"01BC25","AD. ORG. BIO COMPOST  25 KG","25","KG"
"01BC500","AD. ORG. BIO COMPOST  500 KG","500","KG"
"01ECO","AD. ORG. ECOFEM  25 KG GR.","25","KG"
"01ECOB","AD. ORG. ECOFEM  500 KG","500","KG"
"01ORG","AD. ORG. ORG-E-VIT  25 KG","25","KG"
"01ORGB","AD. ORG. ORG-E-VIT  600 KG","600","KG"
"01ORGB650","AD. ORG. ORG-E-VIT  650 KG","650","KG"
"01ORGT25","AD. ORG. ORGATURF  25 KG","25","KG"
"01SUB3","SUBSTRATO TURFA N-3",NULL,NULL
"01SUBT","SUBSTRATO TURFA TRAY 70 LT","70","LT"
"01TER","SUBSTRATO TURFA TERRAPLANT  80 LT","80","LT"
"01TS2","TURFA TS-2  200 LT","200","LT"
"01VIT650","AD. ORG. VITAGRANU 650 KG.","650","KG"
"0200145K","AD. NUTRIFLUID 0.0.14,5  KG",NULL,NULL
"020030B","AD. PATENTKALI 0-0-30  500 KG","500","KG"
"020040B","AD. KORN KALI  500 KG","500","KG"
"02018ZN","AD. DURAMON TECNOZINC  600 KG","600","KG"
"0202010B","AD. 0-20-10  500 KG","500","KG"
"0210206B","AD. AMICOTE CV 50 (10-20-06) 600 KG","600","KG"
"0210260B","AD. DAP PROTEC 10-26-0+2MGO 600 KG","600","KG"
"02111B6","AD. 111 10-10-10  600 KG","600","KG"
"02121120B","AD. NITROSTABIL 12-11-20  500KG","500","KG"
"02121217N","AD. NITROFOSKA SPECIAL 12-12-17 25K",NULL,NULL
"02121217NBB","AD. NITROFOSKA SPECIAL12-12-17 500K",NULL,NULL
"02122412B","AD. 12-24-12  500 KG","500","KG"
"02122412B6","AD. 12-24-12  600 KG","600","KG"
"2.122E+28","AD. 122 7-14-14 ESP. AMPOR  25 KG",NULL,"UN"
"02122EB","AD. 122 7-14-14 ESP. AMPOR  500 KG","500","KG"
"02122EB6","AD. 122 7-14-14 ESP. AMPOR  600 KG","600","KG"
"021266N","AD. NUTRIFLUID 12.6.6",NULL,NULL
"02131020B","AD. ENTEC 13-10-20  500 KG","500","KG"
"02131121B","AD. YARA MILA 13-11-21  600 KG","600","KG"
"02151515B","AD. FOSKAMONIO 15-15-15  500 KG","500","KG"
"0215350B6","AD. AMICOTE CV 60 15-35-0+Zn  600KG","600","KG"
"0215520B6","AD. NITROFOSKA PERFECT 15-5-20 600K",NULL,NULL
"0218460B","AD. DAP 18-46-0  500 KG","500","KG"
"0218460B6","AD. DAP 18-46-0  600 KG","600","KG"
"02201010B","AD. ENTEC 20-10-10  500 KG","500","KG"
"0220200500A","AD. 20-20-0 ARROZ  500 KG","500","KG"
"022034AA","AD. NUTRIFLUID 20.3.4 C/AA",NULL,NULL
"022058B","AD. D'CODER 20-5-8  600 KG","600","KG"
"0220810B","AD. NERGETIC 20-8-10  500 KG","500","KG"
"0220810B6","AD. NERGETIC 20-8-10  600 KG","600","KG"
"0224B","AD. DURAMON 26 (24.0.0+2MGO) 600 KG","600","KG"
"0225150B","AD. ENTEC 25-15-0  500 KG","500","KG"
"0226B500","AD. ENTEC 26  500 KG","500","KG"
"0227NS","SOLUCAO 27N + S  KG.",NULL,NULL
"024000B","AD. DEIBAMID 40-0-0  500 KG","500","KG"
"025818B","AD. FERTICAMPO 5-08-18  500 KG","500","KG"
"0261220B","AD. FERTICAMPO 6-12-20  500 KG","500","KG"
"0261827B","AD. 7-18-27  500 KG","500","KG"
"026312ADP","AD. NUTRIFLUID 6.3.12",NULL,NULL
"026818B","AD. D'CODER 6-8-18  600 KG","600","KG"
"026919B","AD. PROTECT 65 (6-9-19+2MGO) 600 KG","600","KG"
"0271827B6","AD. 7-18-27  600 KG","600","KG"
"027210A","AD. NUTRIFLUID 7.21.0+AMINOACIDOS",NULL,NULL
"027210B","AD. 130 7-21-0  500 KG","500","KG"
"027210B6","AD. 130 7.21.0  600 KG","600","KG"
"0282424B","AD. 8-24-24  500 KG","500","KG"
"0282424B6","AD. 8-24-24  600 KG","600","KG"
"028248B6","AD. 8-24-8  600 KG","600","KG"
"028412N","AD. NUTRIFLUID 8.4.12",NULL,NULL
"02A101022","AD. BIOTERRA AZUL 10-10-22  600 KG","600","KG"
"02A101222","AD. AMICOTE CV 54 (10-12-22) 25 KG","25","KG"
"02A10240","AD. AMICOTE CV 41 (10-24.0)  25 KG","25","KG"
"02A10240B6","AD. AMICOTE CV 41 (10-24.0)  600 KG","600","KG"
"02A61020","AD. AMICOTE CV 46 (6-10-20)  25 KG","25","KG"
"02A61020B6","AD. AMICOTE CV 46 (6-10-20)  600 KG","600","KG"
"02A61220B","AD. AMICOTE CV 46 (6-12-20)  500 KG","500","KG"
"02A61220B6","AD. AMICOTE CV 46 (6-12-20)  600 KG","600","KG"
"02A6820","AD. AMICOTE CV 45 (6-08-20)  25 KG","25","KG"
"02A6820B","AD. AMICOTE CV 45 (6-08-20)  500 KG","500","KG"
"02A81212","AD. AMICOTE CV 39 (8-12-12)  25 KG","25","KG"
"02A81212B","AD. AMICOTE CV 39 (8-12-12)  500 KG","500","KG"
"02A81212B6","AD. AMICOTE CV 39 (8-12-12)  600 KG","600","KG"
"02AF1000","AD. ACIDO FOSFORICO  1000 LT","1000","LT"
"02AF30","AD. ACIDO FOSFORICO  30 KG","30","KG"
"02AF32","AD. ACIDO FOSFORICO  32 KG","32","KG"
"02AN27","AD. ACIDO NITRICO  28 KG","28","KG"
"02AST25","AD. AGRISTART MAGNUM  25 KG","25","KG"
"02ASTX25","AD. AGRISTART MAX  25 KG","25","KG"
"02B101022","AD. BIOTERRA AZUL 10-10-22  25 KG","25","KG"
"02B151515","AD. 15-15-15 BLEND  25 KG","25","KG"
"02B20200","AD. 20-20-0 BLEND  25 KG","25","KG"
"02B30015B","AD. 30-0-15 BLEND  500 KG","500","KG"
"02C134013","AD. HAKAPHOS VIOLETA 13-40-13 25KG","25","KG"
"02C15530","AD. HAKAPHOS LARANJA 15-5-30  25 KG","25","KG"
"02C181818","AD. HAKAPHOS VERMELHO 18-18-18 25KG","25","KG"
"02C2055","AD. HAKAPHOS AZUL 20-05-05  25 KG","25","KG"
"02C71240","AD. HAKAPHOS BASE 07-12-40  25 KG","25","KG"
"02CC50","AD. CIANAMIDA CALCICA  25 KG","25","KG"
"02CP25","AD. CLORETO POTASSIO SOLUMOP  25 KG","25","KG"
"02CP500","AD. CLORETO POTASSIO G.  500 KG","500","KG"
"02F2225","AD. FERTIJET 22  25 KG","25","KG"
"02F22600","AD. FERTIJET 22  600 KG","600","KG"
"02FMA25","AD. FOSFATO MONO AMONIO  25 KG MAP","25","KG"
"02FMNP25","AD. FOSFATO MONO POTASSIO MKP  25 K",NULL,NULL
"02FTC50","FERTICAL 50KG","50","KG"
"02GE5815B","AD. HUMIFERTAK 54  5-8-15  600 KG","600","KG"
"02GE8618B","AD. HUMIFERTAK 8-6-18  600 KG","600","KG"
"02H4000B","AD. FERTISOL PLUS 40-0-0 500 KG","500","KG"
"02H4010B","AD. SOLUREA 40 N 500KG","500","KG"
"02INO10","AD. INO START MAIZ  10 KG","10","KG"
"02KSC","AD. KSC ADUR  25 KG / 20 LT","25","KG"
"02KSC14405","AD. KSC 14-40-5 AMARELO  25 KG","25","KG"
"02KSC15535","AD. KSC 15-5-35 VERMELHO  25 KG","25","KG"
"02KSC2355","AD. KSC 23-5-5 BRANCO  25 KG","25","KG"
"02KSCMIX","AD. KSC MIX  10 KG","10","KG"
"02KSCS","AD. KSC SULFACID  30 KG","30","KG"
"02MGS25","AD. YARA KRISTA MgS  25 KG","25","KG"
"02MKP25","AD. YARA KRISTA MKP  25 KG","25","KG"
"02MOL","AD. TECNIFERTI M.O.L.",NULL,NULL
"02NAM25","AD. NITRATO AMONIO  25 KG","25","KG"
"02NB25","AD. NITRABOR YARA  25 KG","25","KG"
"02NC25","AD. NITRATO CALCIO AGRICOLA  25 KG","25","KG"
"02NCB25","AD. NITRATO CALCIO BORO  25 KG","25","KG"
"02NCR25","AD. SOLUTECK NITRATO CAL. REGA 25KG","25","KG"
"02NER101022B","AD. NERGETIC  10-10-22  600 KG","600","KG"
"02NER34B","AD. NERGETIC 34 (34-0-0)  500 KG","500","KG"
"02NER36","AD. NERGETIC 36 (36-0-0)  25 KG","25","KG"
"02NER36B","AD. NERGETIC 36 (36-0-0)  500 KG","500","KG"
"02NIT24S","AD. TECNIFERTI NITROGEL 24-S",NULL,NULL
"02NIT30","AD. TECNIFERTI NITROGEL 30",NULL,NULL
"02NIT5","AD. NITROLUSAL  5 KG","5","KG"
"02NITCAL","AD. NUTRIFLUID NITRATO CALCIO+MG KG",NULL,NULL
"02NL12488","AD. NUTRILEAF 12-48-8  1 KG","1","KG"
"02NM25","AD. MAGNISAL NITRATO MAGNESIO  25KG","25","KG"
"02NMAG25","AD. YARA KRISTA MAG  25 KG","25","KG"
"02NP25","AD. NITRATO POTASSIO CRISTALIN 25KG","25","KG"
"02NPG25","AD. NITRATO POTASSIO GRANULAD  25KG","25","KG"
"02NPT25","AD. YARA KRISTA K PLUS  25 KG","25","KG"
"02NT01230B6","AD. NERGETIC K (0-12-30)  600 KG","600","KG"
"02NT20170B","AD. NERGETIC 20-17-0  500 KG","500","KG"
"02NT205B6","AD. NITROLUSAL 20.5%  600 KG","600","KG"
"02NT27","AD. NITROLUSAL 27%  50 KG","50","KG"
"02NT2725","AD. NITROLUSAL 27%  25 KG","25","KG"
"02NT274","AD. NITROMAGNESIO 27+4MgO  50 KG","50","KG"
"02NT27425","AD. NITROMAGNESIO 27+4MGO  25 KG","25","KG"
"02NT274B","AD. NITROMAGNESIO 27%  500 KG","500","KG"
"02NT274B600","AD. NITROMAGNESIO 27%  600 KG","600","KG"
"02NT27B6","AD. NITROLUSAL 27%  600 KG","600","KG"
"02NT30B","AD. NERGETIC 30 (30-0-0)  500 KG","500","KG"
"02OSM11229","AD. MULTICOTE 11-22-9  25 KG","25","KG"
"02P105410","AD. PLANTAFOL 10.54.10  5 KG","5","KG"
"02P191919","AD. POLYFEED 19-19-19/18-18-18 25KG","25","KG"
"02P202020","AD. PLANTAFOL 20.20.20  5 KG","5","KG"
"02P301010","AD. PLANTAFOL 30.10.10  5 KG","5","KG"
"02PHYSI25","AD. PHYSIOLITH  25 KG","25","KG"
"02PHYSI600","AD. PHYSIOLITH  600 KG","600","KG"
"02R1012625","AD. RHIZOVIT 10-12-6  25 KG","25","KG"
"02R10126B","AD. RHIZOVIT 10-12-6  600 KG","600","KG"
"02R31B","AD. RHIZOVIT GR N 31-0-0  500 KG","500","KG"
"02S134013","AD. SOLUTECK 13-40-13 25 KG","25","KG"
"02S15530","AD. SOLUTECK 15-05-30  25 KG","25","KG"
"02S181818","AD. SOLUTECK 18-18-18 25 KG","25","KG"
"02S1825","AD. SUPERFOSFATO 18%  25 KG","25","KG"
"02S18B","AD. SUPERFOSFATO 18%  500 KG","500","KG"
"02S18B6","AD. SUPERFOSFATO 18%  600 KG","600","KG"
"02S2055","AD. SOLUTECK 20-05-05  25 KG","25","KG"
"02S30NB","AD. TECNIFERTI NITROMAIS-BORO",NULL,NULL
"02S30NZN","SOLUCAO AZOTADA 30N+ZN KG",NULL,NULL
"02S32N","SOLUCAO AZOTADA 32N  KG",NULL,NULL
"02S32NADP","SOLUCAO AZOTADA 32N  KG ( ADP )",NULL,NULL
"02S32ND","SOLUCAO AZOTADA 32N  KG ( DEIBA )",NULL,NULL
"02S32NZN","AD. TECNIFERTI NITROMAIS-ZINCO",NULL,NULL
"02S46B","AD. SUPERFOSFATO 45%  500 KG","500","KG"
"02SA25G","AD. SULFATO AMONIO  25 KG","25","KG"
"02SA5","AD. SULFATO AMONIO  5 KG","5","KG"
"02SA600","AD. SULFATO AMONIO  600 KG","600","KG"
"02SAG25K","AD. SULFATO AMONIO GRAN. YARA  25KG","25","KG"
"02SAG50K","AD. SULFATO AMONIO GRAN.  50 KG","50","KG"
"02SAGB500","AD. SULFATO AMONIO GRAN.  500 KG","500","KG"
"02SAGY500","AD. SULFATO AMONIO GRAN.YARA  500KG","500","KG"
"02SAZ25","AD. NERGETIC 30 (30-0-0)  25 KG","25","KG"
"02SM25","AD. SULF. MAGNESIO EPSOTOP  25 KG","25","KG"
"02SMG500","AD. SULF. MAGNESIO ESTAKIESER  500K",NULL,NULL
"02SMGE25","AD. SULF. MAGNESIO ESTAKIESER  25K",NULL,NULL
"02SMID40","AD. SULFAMID / AMIDA YARA  40 KG","40","KG"
"02SMID500","AD. SULFAMID / AMIDA YARA  500 KG","500","KG"
"02SMN25","AD. SULFATO DE MANGANES 25KG","25","KG"
"02SOP25","AD. YARA KRISTA SOP  25 KG","25","KG"
"02SP25","AD. SULFATO POTASSIO HORTISUL 25 KG","25","KG"
"02SP251","AD. SULFATO POTASSIO SOLUSOP  25 KG","25","KG"
"02SPG500","AD. SULF. POTASSIO KALISOP  500 KG","500","KG"
"02SPS25","AD. SULFATO POTASSIO SOLUVEL  25 KG","25","KG"
"02SS1640","SEED SPRINT 16.40.0  25 KG","25","KG"
"02SULF2125","AD. SULFAMMO N PRO 21.0.16  25 KG","25","KG"
"02SULF21B","AD. SULFAMMO N PRO 21.0.16  500 KG","500","KG"
"02SULF500","AD. SULFAMMO N PRO 26  500 KG","500","KG"
"02T46B","AD. DURAMON TECNO 46 30-0-0  600 KG","600","KG"
"02TD244B6","AD. AMICOTE CV 44 (0-20-17)  600 KG","600","KG"
"02TH12","AD. TECNIFERTI HUMIFOSFATO 12",NULL,NULL
"02TH15","AD. TECNIFERTI HUMIFOSFATO 15",NULL,NULL
"02TH15A","AD. TECNIFERTI HUMIFOSFATO 15A",NULL,NULL
"02TH15PGEL","AD. TECNIFERTI H15 PLUS GEL",NULL,NULL
"02TH2","AD. TECNIFERTI HUMIFOSFATO 2",NULL,NULL
"02TH24","AD. TECNIFERTI HUMIFOSFATO 24",NULL,NULL
"02TH2A","AD. TECNIFERTI HUMIFOSFATO 2A",NULL,NULL
"02TH2B","AD. TECNIFERTI HUMIFOSFATO 2B",NULL,NULL
"02TH30","AD. TECNIFERTI HUMIFOSFATO 30",NULL,NULL
"02TH5","AD. TECNIFERTI HUMIFOSFATO 5",NULL,NULL
"02TMICG","AD. TECNIFERTI MICROGEL",NULL,NULL
"02TN1","AD. TECNIFERTI NITROMAIS 1",NULL,NULL
"02TN2","AD. TECNIFERTI NITROMAIS 2",NULL,NULL
"02TNC","AD. TECNIFERTI NIT. CALCIO",NULL,NULL
"02TNG2","AD. TECNIFERTI NITRO GEL Z",NULL,NULL
"02TNM","AD. TECNIFERTI NITROMAGNESIO",NULL,NULL
"02TNMC","AD. TECNIFERTI NIT.CALCIO C/MAGNESI",NULL,NULL
"02U4620","AD. UREIA  20 KG","20","KG"
"02U4640","AD. UREIA  40 KG","40","KG"
"02U4640G","AD. UREIA GRANULADA  40 KG","40","KG"
"02U46B","AD. UREIA  500 KG","500","KG"
"02U46BG","AD. UREIA GRANULADA  500 KG","500","KG"
"02UMO10","AD. UMOSTART SUPER ZN  10 KG","10","KG"
"03001-INS","DAFENIL PROGRESS  1 LT","1","LT"
"03006-HERB","TRINCO  5 LT","5","LT"
"03006-INS","DAFENIL PROGRESS  100 ml","100","ML"
"03007-FUNG","ALIETTE FLASH  250 GR","250","GR"
"03008-FUNG","ALIETTE FLASH  12 KG","12","KG"
"03008-HERB","GARLON  1 L","1","L"
"03009-HERB","GARLON 4  5 LT","5","LT"
"03011-HERB","BUCTRIL UNIVERSAL EC560 5LT","5","LT"
"03016-FUNG","KUMULUS S  25 KG","25","KG"
"03020-HERB","ILLOXAN  25 LT","25","LT"
"03025-FUNG","VOLARE  150 ML","150","ML"
"03026-FUNG","VOLARE  3 LT","3","LT"
"03040-HERB","TARGA GOLD  1 LT","1","LT"
"03041-HERB","TARGA GOLD  5 LT","5","LT"
"03045-HERB","TOTRIL  1 LT","1","LT"
"03047-HERB","CLINCHER  5 LT","5","LT"
"03048-HERB","CENT 7  1 LT","1","LT"
"03049-HERB","MUSTANG  5 L","5","L"
"03070-HERB","ZARPA  1 LT","1","LT"
"03071-HERB","ZARPA  5 LT","5","LT"
"03087-INS","ENVIDOR  400 ML","400","ML"
"03088-INS","FASTAC  1 LT","1","LT"
"03090-INS","FASTAC 30 ML","30","ML"
"031001-HERB","LONTREL 100  1 LT","1","LT"
"03103-HERB","STOMP AQUA  10 L","10","L"
"03111-INS","DAFENIL PROGRESS  20 LT","20","LT"
"03173-HERB","ZARPA  15  LT",NULL,NULL
"04162-RAT","RACUMIN FORTE  100 GR","100","GR"
"04164-RAT","RACUMIN PASTA  200 GR","200","GR"
"04F1001","ANTRACOL  35 GR","35","GR"
"04F1002","ANTRACOL  250 GR","250","GR"
"04F1101","MONCEREN  1 LT","1","LT"
"04F1104","SERENADE MAX  5 KG","5","KG"
"04F1203","RHODAX FLASH  12 KG","12","KG"
"04F1501","MELODY SUPER  300 GR","300","GR"
"04F1503","MELODY  6 KG","6","KG"
"04F1505","MELODY SUPER  12 KG","12","KG"
"04F1511","MELODY COBRE  150 GR","150","GR"
"04F1514","MELODY COBRE  6 KG","6","KG"
"04F1801","CUPRAVIT  500 GR","500","GR"
"04F2301","PROFILER  12 KG","12","KG"
"04F2501","HORIZON  80 ML","80","ML"
"04F2507","FLINT  150 GR","150","GR"
"04F2508","FLINT  300 GR","300","GR"
"04F2509","FLINT MAX  160 GR","160","GR"
"04F2510","FLINT MAX  32 GR","32","GR"
"04F2701","MILRAZ  35 GR","35","GR"
"04F2702","MILRAZ  250 GR","250","GR"
"04F2704","MILRAZ  2,5 KG","5","KG"
"04F2801","MILRAZ COBRE  250 GR","250","GR"
"04F2901","MILRAZ COMBI  35 GR","35","GR"
"04F2902","MILRAZ COMBI  250 GR","250","GR"
"04F3102","LIBERO TOP  40 GR","40","GR"
"04F3200","LUNA EXPERIENCE  40 ML","40","ML"
"04F3201","LUNA EXPERIENCE  400 ML","400","ML"
"04F3203","POMARSOL ULTRA D  200 GR","200","GR"
"04F3204","POMARSOL ULTRA D  20 KG","20","KG"
"04F4001","TELDOR  1 KG","1","KG"
"04F4002","TELDOR  150 GR","150","GR"
"04F5001","PROSPER  1 LT","1","LT"
"04F5002","PROSPER  60 ML","60","ML"
"04H1013","NOMINEE  300 ML","300","ML"
"04H1304","BI-HEDONAL 650  20 LT","20","LT"
"04H2306","SENCOR LIQUID  87,5 ML","5","ML"
"04H2307","SENCOR LIQUID  1 L","1","L"
"04H2410","ROUNDUP ULTRAMAX  1 L","1","L"
"04H2411","ROUNDUP ULTRAMAX  5 L","5","L"
"04H2412","ROUNDUP ULTRAMAX  20 L","20","L"
"04H2413","ROUNDUP ULTRAMAX  200 L","200","L"
"04H2415","MONSOON ACTIVE  5 L","5","L"
"04H2809","ATLANTIS  2 KG","2","KG"
"04H2810","HUSSAR  600 GR","600","GR"
"04H3211","ARTIST  1 KG","1","KG"
"04H3307","ADENGO  200 ML","200","ML"
"04H3308","ADENGO  5 LT","5","LT"
"04H3309","ADENGO  1 LT","1","LT"
"04H3312","ASPECT  15 LT","15","LT"
"04H5501","OPTION  5 LT","5","LT"
"04H5502","MUSKETEER  5 LT","5","LT"
"04H5601","LAUDIS  5 LT","5","LT"
"04H5602","LAUDIS  1 LT","1","LT"
"04I1104","BULLDOCK  50 ML","50","ML"
"04I1105","BULLDOCK  1 LT","1","LT"
"04I1112","KOHINOR PLUS  1 L","1","L"
"04I1202","MOVENTO O-TEC  1 L","1","L"
"04I1203","MOVENTO O-TEC  100 ML","100","ML"
"04I1209","CONFIDOR CLASSIC  50 ML","50","ML"
"04I1212","CONFIDOR O-TEC  1 L","1","L"
"04I1550","CALYPSO  200 ML","200","ML"
"04I1551","CALYPSO  30 ML","30","ML"
"04I1552","CALYPSO BLISTER  4 ML","4","ML"
"04I1553","CALYPSO  5 L","5","L"
"04I2206","GARBOL (OLEO VERAO)  1 LT","1","LT"
"04I2207","GARBOL (OLEO VERAO)  25 LT","25","LT"
"04I2450","CORAGEN  200 ML","200","ML"
"04I2451","CORAGEN  50 ML","50","ML"
"04I2452","PROTEUS  5 LT","5","LT"
"04I2453","PROTEUS  500 ML","500","ML"
"04I2454","PROTEUS  100 ML","100","ML"
"04N1003","NEMACUR CS 240  20 LT","20","LT"
"04PD1012","GENAPOL  1 LT","1","LT"
"04PE1401","BIRGIN  200 GR","200","GR"
"04PE1402","BIRGIN  1 KG","1","KG"
"04PE1601","FOLIAREL  170 GR","170","GR"
"04PE1802","COMPLESAL 12-4-6  1 LT","1","LT"
"04PE1804","COMPLESAL 5-8-10  1 LT","1","LT"
"04PE2102","COMPLESAL CALCIO  1 LT","1","LT"
"04PE2103","COMPLESAL CALCIO  5 LT","5","LT"
"05000-FUNG","CUPROCOL  5 LT","5","LT"
"05001-FUNG","CUPROCOL  1 LT","1","LT"
"05002-FUNG","BRAVO 500  1 LT","1","LT"
"05002-P.DIV","SEQUESTRENE  10 KG","10","KG"
"05003-FUNG","BRAVO 500  5 LT","5","LT"
"05004-INS","TRIGARD 75WP  25 GR","25","GR"
"05005-FUNG","AMISTAR OPTI  5 LT","5","LT"
"050061-INS","PLENUM 50WG  200 GR","200","GR"
"050062-INS","PLENUM 50WG  250 GR","250","GR"
"05007-INS","INSEGAR 25 WG  600 GR","600","GR"
"05010-FUNG","RIDOMIL GOLD COMBI PEPITE TEC.200GR","200","GR"
"05018-HERB","LUMAX  1 LT","1","LT"
"05019-HERB","LUMAX  5 LT","5","LT"
"05020-HERB","LUMAX  20 LT","20","LT"
"05021-HERB","LUMAX  100 LT","100","LT"
"05022-P.DIV","ZETAMINOL  5 KG","5","KG"
"05023-HERB","PRIMEXTRA GOLD TZ  20 LT","20","LT"
"05024-HERB","PRIMEXTRA GOLD TZ  100 LT","100","LT"
"05024-P.DIV","ISABION  20 L","20","L"
"05025-HERB","ORDAGO  5 LT","5","LT"
"05025-P.DIV","ISABION  120 L","120","L"
"05051-INS","VERTIMEC 018 EC  1 L","1","L"
"05063-FUNG","DYNALI  1 LT","1","LT"
"05064-FUNG","TOPAZE  70 ML","70","ML"
"05065-FUNG","TOPAZE  1 LT","1","LT"
"05066-FUNG","ORTIVA  1 LT","1","LT"
"05067-FUNG","ORTIVA  5 LT","5","LT"
"050681-FUNG","ORTIVA TOP  5 L","5","L"
"05068-FUNG","ORTIVA TOP  1 L","1","L"
"05069-FUNG","ORTIVA OPTI  5 L","5","L"
"05069-INS","ACTARA 25 WG  1 KG","1","KG"
"0506-HERB","DUAL GOLD  5 LT","5","LT"
"05070-FUNG","SCORE 250 EC  250 ML","250","ML"
"05070-INS","ACTARA 25 WG  100 GR","100","GR"
"05071-FUNG","SCORE 250 EC  1 L","1","L"
"05073-FUNG","SWITCH 62,5 WG  250 GR","250","GR"
"05073-INS","ACTARA 25 WG  4 GR","4","GR"
"05074-FUNG","DIVIDEND  200 L","200","L"
"05075-FUNG","MATCH  1 LT","1","LT"
"05076-FUNG","MATCH  5 LT","5","LT"
"05106-FUNG","PERGADO C  5 KG","5","KG"
"05107-FUNG","PERGADO F  250 GR","250","GR"
"05108-FUNG","PERGADO F  5 KG","5","KG"
"05109-FUNG","REVUS  5 LT","5","LT"
"05111-FUNG","RIDOMIL GOLD COMBI PEPITE TEC. 5 KG","5","KG"
"05117-FUNG","RIDOMIL GOLD MZ PEP.TECN.  250 GR","250","GR"
"05118-FUNG","RIDOMIL GOLD MZ PEP.TECN.  5 KG","5","KG"
"05133-HERB","SYNERGY  500 GR","500","GR"
"05141-HERB","CALLISTO  1 LT","1","LT"
"05142-HERB","CALLISTO  5 LT","5","LT"
"05152-HERB","BANVEL  1 LT","1","LT"
"05241-HERB","CALLISTO  250 ML","250","ML"
"05242-HERB","CALLISTO  20 LT","20","LT"
"06000-HERB","VENZAR  500 GR","500","GR"
"06002-HERB","BASTA S  1 LT","1","LT"
"06003-HERB","BASTA S  5 LT","5","LT"
"06004-HERB","BASTA S  200 ML","200","ML"
"06005-HERB","BASTA S  15 LT","15","LT"
"06006-HERB","BASTA S  20 LT","20","LT"
"06012-FUNG","SCALA  1 LT","1","LT"
"06016-FUNG","PREVICUR N  150 ML *","150","ML"
"06018-FUNG","RHODAX FLASH  300 GR","300","GR"
"06019-FUNG","PREVICUR ENERGY SL 840  3 LT","3","LT"
"06024-HERB","AFALON  200 GR","200","GR"
"06032-FUNG","DICARZOL  1 KG","1","KG"
"06032-HERB","Affirm  1 KG","1","KG"
"06042-HERB","BROADWAY  550 GR","550","GR"
"06A1001","RUFAST AVANCE  100 ML","100","ML"
"06A1002","RUFAST AVANCE  1 LT","1","LT"
"06A1005","Risban 48 EC  1 LT","1","LT"
"06I001","CLORIFOS 48  100 ML","100","ML"
"06RAT1","RATRAX PASTA  1 KG","1","KG"
"06RAT2","RATRAX PASTA  200 GR","200","GR"
"07000-FUNG","QUADRIS MAX  1 LT","1","LT"
"07002-INS","KARATE +  1 KG","1","KG"
"07003-INS","FORCE  5 KG","5","KG"
"07010-FUNG","QUADRIS MAX  150 ML","150","ML"
"07013-FUNG","FUNGITANE WP  25 Kg","25","KG"
"07013-INS","KARATE ZEON  250 ML","250","ML"
"07014-INS","KARATE ZEON  25 ML","25","ML"
"07015-INS","KARATE ZEON  5 LT","5","LT"
"07016-INS","LUZINDO  1 KG","1","KG"
"07022-INS","AFFIRM  250 GR","250","GR"
"07024-INS","AFFIRM  5 KG","5","KG"
"07030-FUNG","QUADRIS (AZ)  1 LT","1","LT"
"07032-FUNG","SHIRLAN  1 LT","1","LT"
"07045-FUNG","TALENDO  1 LT","1","LT"
"07047-HERB","FUSILADE MAX  1 LT","1","LT"
"07050-HERB","FUSILADE MAX  5 LT","5","LT"
"07069-HERB","TOUCHDOWN PREMIUM  1 LT","1","LT"
"07070-HERB","TOUCHDOWN PREMIUM  5 LT","5","LT"
"07072-HERB","TOUCHDOWN PREMIUM  200 LTS","200","LT"
"07073-HERB","TOUCHDOWN PREMIUM  20 LTS","20","LT"
"07074-HERB","TOUCHDOWN PREMIUM  640 LTS","640","LT"
"07084-INS","PIRIMOR G  50 GR","50","GR"
"07102-INS","KARATE +  250 GR","250","GR"
"07160-HERB","REGLONE  1 LT","1","LT"
"07161-HERB","REGLONE  5 L","5","L"
"07162-HERB","REGLONE  500 ML","500","ML"
"08017-FUNG","PROPLANT  1 LT","1","LT"
"08044-FUNG","HIDROTEC 20% HI BIO  10 KG","10","KG"
"08050-FUNG","CIMOFARM  25 KG","25","KG"
"08053-FUNG","AZBANY  5 LT","5","LT"
"08054-FUNG","VITRA 40 MICRO  25 KG","25","KG"
"08AC25","BORNEO  25 ML","25","ML"
"08F1701","DITHANE M-45  250 GR","250","GR"
"08F1703","DITHANE M-45  25 KG","25","KG"
"08F1704","TRECATOL M  20 KG","20","KG"
"08F2102","KARATHANE STAR  1 L","1","L"
"08F2103","KARATHANE STAR  5 L","5","L"
"08F2110","RANMAN (A + B) (200 CC + 150 CC)",NULL,NULL
"08F2114","NANDO 500 SC  5 LT","5","LT"
"08F2115","NUPRIDE 200 SL  5 L","5","L"
"08F2200","RANMAN TOP  5 L","5","L"
"08H1305","U-46 COMBI FLUID   1 LT","1","LT"
"08H1306","ETIZOL TL  20 LT","20","LT"
"08H1801","HERBINEXA 40 K  250 ML","250","ML"
"08H1803","HERBINEXA 40 K  25 LT","25","LT"
"08I1801","CLINIC ACE  250 ML","250","ML"
"08I211","TEPPEKI 500 GR","500","GR"
"08I212","TEPPEKI 140 GR","140","GR"
"08PD10","NEO-STOP 200 GR","200","GR"
"08PD1201","FENDONA  500 ML","500","ML"
"08VAP","VAPO-SOLO 510  210 LT","210","LT"
"08VAP1000","VAPO-SOLO 510  1000 LT","1000","LT"
"09F1504","FORUM F  160 GR","160","GR"
"09F1506","FORUM F  5 KG","5","KG"
"09F1903","KOCIDE 35 DF  25 KG","25","KG"
"09F2002","MANZENE  25 KG","25","KG"
"09F2003","MANZENE  5 KG","5","KG"
"09F2103","EQUATION PRO  400 GR","400","GR"
"09F2704","BUMPER 25EC  5 LT","5","LT"
"09H1201","LINOR  1 KG","1","KG"
"09HERB1","RONTRAT  1 LT","1","LT"
"09HERB2","RONTRAT  5 LT","5","LT"
"09HERB3","RONTRAT  20 LT","20","LT"
"09HERB4","RONTRAT  200 LT","200","LT"
"09HERB5","RONTRAT  1000 LT","1000","LT"
"09I1104","KOHINOR 20 SL  50 ML","50","ML"
"09I1201","DECIS  30 ML","30","ML"
"09I1202","DECIS  60 ML","60","ML"
"09I1203","DECIS  5 LT","5","LT"
"09I1204","DECIS  500 ML","500","ML"
"09I1212","DECIS EXPERT  1 LT","1","LT"
"09I1213","DECIS EXPERT  5 LT","5","LT"
"09I1312","MESUROL 200 SC  250 ML","250","ML"
"09I1313","MESUROL 200 SC  5 LT","5","LT"
"09I1402","DURSBAN 4  1 LT","1","LT"
"09I1403","DURSBAN 4  5 LT","5","LT"
"09I1515","PIRIFOS 48  100 ML","100","ML"
"09I1904","SOLEOL  200 LT","200","LT"
"09MO1002","ANTILESMA EUREKA  1 KG","1","KG"
"09MO1003","ANTILESMA EUREKA  100 GR","100","GR"
"09PD1","SULFATO COBRE GENYEN  2 KG","2","KG"
"09PD2","SULFATO COBRE GENYEN  25 KG","25","KG"
"09PD4","ENXOFRE SOUF 80 WG  25 KG","25","KG"
"09PD5","KADOS WG  25 KG","25","KG"
"09PD6","ENXOFRE PEPITAS GENYEN  25 KG","25","KG"
"09PE1107","AGROZINC  1 LT","1","LT"
"09PE1109","SULFATO FERRO GRANUFER  50 KG","50","KG"
"10002-FUNG","TOCSIN WG  1 KG","1","KG"
"10019-P.DIV","PREV B2  1 LT","1","LT"
"10020-P.DIV","TRANSFORMER  10L","10","L"
"1004-FUNG","THIOVIT JET  400 GR","400","GR"
"1006-FUNG","THIOVIT JET  25 KG","25","KG"
"10078-P.DIV","SIAPTON  5 LT","5","LT"
"10079-P.DIV","SIAPTON  20 LT","20","LT"
"120-RAT","RATIPEC CEREAL  200 GR","200","GR"
"121-RAT","RATIPEC PASTA  200 GR","200","GR"
"122-RAT","RODENTEC BLOCOS  5 KG","5","KG"
"12430E","Fainal ke 5 LT","5","LT"
"1441B500","AD. ORG. FERTICAMPO PLUS  500 KG","500","KG"
"18JF212MX","JUNTA FEMEA 21/2 223147 MARLUX MX",NULL,NULL
"18JM212MX","JUNTA MACHO 21/2 225147 MARLUX MX",NULL,NULL
"19MR240","MANGA DE REGA 240 MM",NULL,NULL
"19PML190","PLAST.MELAO LIN.1.90-1000M(ROLO",NULL,NULL
"19PML90R","PLAST.MELAO LIN. 0.90 - ROLO",NULL,NULL
"19PP140","PLASTICO PRETO 1,40",NULL,NULL
"19PP300","PLASTICO PRETO 3 M",NULL,NULL
"19PP70","PLASTICO PRETO 0,70 M",NULL,NULL
"19PP90","PLASTICO PRETO 0.90",NULL,NULL
"19PP90R","PLASTICO PRETO 0,90 M (ROLO 1.500)",NULL,NULL
"19PT200","PLASTICO TERMICO 2 M",NULL,NULL
"19PT800","PLASTICO TERMICO 8 M",NULL,NULL
"202900711R","MANGA AGROF.70 C/1 ACES.100MT",NULL,NULL
"2120I80212","JUNTA FEMEA GALVANIZADA 80M 21/2",NULL,NULL
"2120Q80","ANEL BORRACHA   80 MM",NULL,NULL
"2120R80","JUNTA MACHO C/ROSCA 80 MM 3'",NULL,NULL
"310423S","MILHO HIB. P0423 SONIDO 50MK",NULL,NULL
"310725P","MILHO HIB. P0725 SONIDO 50MK",NULL,NULL
"310725Y","MILHO HIB. P0725Y SONIDO 50MK",NULL,NULL
"31082N","MELANCIA CRIMSON SWETT VILMORIN 500",NULL,NULL
"310837P","MILHO HIB. P0837 SONIDO 50MK",NULL,NULL
"3111C33","INOCULANTE 11C33 50GR/50MT","50","GR"
"311574C","MILHO HIB. PR1574Y SONIDO (OGM) 50M",NULL,NULL
"311574T","MILHO HIB. P1574 TRATADO STD  50MK",NULL,NULL
"312573F","BATATA RED LADY 35/45 FRAN 25KG","25","KG"
"313372C","MILHO HIB. PR33Y72 SONIDO(OGM) 50MK",NULL,NULL
"313374C","MILHO HIB. PR33Y74 SONIDO 50MK",NULL,NULL
"313674P","MILHO HIB. PR36V74 SONIDO 50MK",NULL,NULL
"313925S","MILHO HIB. PR39K24 LAMBADA S. 25MK",NULL,NULL
"3146H75","COLZA 46H75 1000MVK",NULL,NULL
"314795S","MILHO HIB. DKC4795 SONIDO 50M",NULL,NULL
"315031S","MILHO HIB. DKC5031 SONIDO 50M",NULL,NULL
"315190G","MILHO HIB. DKC5190 SONIDO 50 M",NULL,NULL
"315542G","MILHO HIB. DKC5542 SONIDO 50 M",NULL,NULL
"315741S","MILHO HIB. DKC5741 SONIDO  50M",NULL,NULL
"316031G","MILHO HIB. DKC6031 SONIDO 50 M",NULL,NULL
"316340S","MILHO HIB. DKC6340 SONIDO 50 M",NULL,NULL
"316532S","MILHO HIB. DKC6532 SONIDO 50M",NULL,NULL
"316630G","MILHO HIB. DKC6630 SONIDO 50 M",NULL,NULL
"316795G","MILHO HIB. DKC6795 SONIDO 50 M",NULL,NULL
"316815G","MILHO HIB. DKC6815 SONIDO 50 M",NULL,NULL
"31731S","MILHO HIB. BELGRANO SONIDO 50 MK",NULL,NULL
"31BAM25","BATATA AMOROSA 35/55  25 KG AGRICO","25","KG"
"31BJAER25","BATATA JAERLA 35/55  25 KG HZPC","25","KG"
"31BKO25","BATATA KONDOR 35/55  25 KG  AGRICO","25","KG"
"31BROM25","BATATA ROMANO 35/55-25KG (AGRICO)","25","KG"
"31JAER25","BATATA JAERLA 35/55  25 KG  AGRICO","25","KG"
"31PT225","COLZA PT225",NULL,NULL
"31R030","RACAO FRANGOS P/CARNE 115 GR  30KG","115","GR"
"31R104","RACAO RURIS 104 PINTOS MIG. 5KG","5","KG"
"31R115","RACAO RURIS 115 FRANGOS GR. 5KG","5","KG"
"31R123","RACAO RURIS 123 GALINHAS GR. 5KG","5","KG"
"31R2030","RACAO PORCOS ACABAMENTO 815 GR 30KG","815","GR"
"31R309","RACAO BOVICARNE VITELOS GR  30 KG","30","KG"
"31R332","RACAO NOVILHOS ACAB. TACO 332  30KG","30","KG"
"31R530G","RACAO NOVILHOS PROCARNE I GR  30KG","30","KG"
"31R630","RACAO COELHOS REPROD/CRESC. GR 30KG","30","KG"
"31R702","RACAO RURIS 702 COELHOS GR. 5KG","5","KG"
"31R830","RACAO GALINHAS POED. 123 GR  30KG","123","GR"
"31R930","RACAO PINTOS P/CARNE 104 MG  30KG","30","KG"
"44PULV04","PULV. PULMIPUR-BAYER C/CAMPANULA",NULL,NULL
"4800018R","HELICE VINHA 100 - FURO RASGADO",NULL,NULL
"48ARA25","ARAME DURO 2,5 MM-KLASSE C",NULL,NULL
"48CB1201012","CANA BAMBU 1,20 X 10/12",NULL,NULL
"48PCO1230","PARAF.CABECA OVAL12X30",NULL,NULL
"48POR12","PORCA M12 8.",NULL,NULL
"48TA120","TECIDO AGRIL 1.20",NULL,NULL
"48TESP801","TESOURA PODA ELECT. FELCO 801",NULL,NULL
"48TS525","TELA DE RAFIA DE SOLO 5.25M (M2)",NULL,NULL
"64456-HERB","BUGGY  1 LT","1","LT"
"64458-HERB","BUGGY  25 LT","25","LT"
"66061-HERB","LASER PLUS  1 LT","1","LT"
"6606-FUNG","ALFIL  250 GR","250","GR"
"66B1002","GLASS K  5 LT","5","LT"
"66B1010","SERV-TRIP  1 LT","1","LT"
"66B10112","PYREX  1 LT","1","LT"
"66B1014","FOLI-STOP PLUS  5 KG","5","KG"
"66B1019","SYSTEX 1 LT","1","LT"
"66B1022","LIQUID-S  1 LT","1","LT"
"66B1028","AGROLIM  1LT","1","LT"
"66B10300","AGROPHOS  5LT","5","LT"
"66B1034","AGROLIM  PLUS  5LT","5","LT"
"66J165","JUMPSTART  16,5 KG","5","KG"
"66SUFR20","SUFREVIT  20 LT","20","LT"
"66SUFR5","SUFREVIT  5 LT","5","LT"
"66VAP","VAPO-SOLO 510  210 LT","210","LT"
"66VAP1000","VAPO-SOLO 510  1000 LT","1000","LT"
"91706B","VINOSTAR  160 GR","160","GR"
"99T","37 different products: Arroz, Furo, aveia ptreta, etc. ",NULL,"UN"
"AS1201","CUPERDEM  20L","20","L"
"AS1300","FORALG BMo  20 L","20","L"
"AS1400","FORALG BMo  5 L","5","L"
"AS2000","REDUSAL  5 KG","5","KG"
"AS2002","ENERMAX  1 KG","1","KG"
"AS2003","ENERMAX  5 KG","5","KG"
"AS2004","BRENTAX ZN  5 KG","5","KG"
"AS2015","BRENTAX CA  5 KG","5","KG"
"AS2400","NORMASIL PLUS  5 L","5","L"
"AS2800","PROMVEG 5 L","5","L"
"AS9500","ORISTART  25 L","25","L"
